{
    "accuracy": [
        0.8678920865058899,
        0.9051187634468079,
        0.9148539900779724,
        0.9219633340835571,
        0.9303913712501526,
        0.9393010139465332,
        0.9471098184585571,
        0.9551823735237122,
        0.9615693092346191,
        0.9662076234817505
    ],
    "loss": [
        0.3137648403644562,
        0.23216794431209564,
        0.20912981033325195,
        0.19235999882221222,
        0.17348723113536835,
        0.15369221568107605,
        0.13532285392284393,
        0.11792654544115067,
        0.10212313383817673,
        0.08913275599479675
    ],
    "val_accuracy": [
        0.8978232741355896,
        0.9072774648666382,
        0.9200130105018616,
        0.9216374158859253,
        0.9291098117828369,
        0.9282001256942749,
        0.9260883927345276,
        0.9351527094841003,
        0.9348602890968323,
        0.9413255453109741
    ],
    "val_loss": [
        0.2488347440958023,
        0.22307445108890533,
        0.19882716238498688,
        0.1937377154827118,
        0.18460001051425934,
        0.1900928020477295,
        0.2086848020553589,
        0.1890960931777954,
        0.20226401090621948,
        0.20170997083187103
    ]
}